PERMNO,HdrCUSIP,Ticker,PERMCO,MthCalDt,MthPrc,MthCap,MthRet,ShrOut,MthPrc_Abs,DateKey,Mkt-RF,SMB,HML,RMW,CMA,RF,ExcessRet,y_next,ret_lag1,ret_lag2,ret_lag3,history_len,log_size,predicted_return,rank
12759,75989230,RENN,53760,2022-01-31,21.89,113083.74,0.491144,5166,21.89,202201,-0.0615,-0.0401,0.1286,0.0077,0.0773,0.0,0.442129,0.037003,-0.30211295,0.03751,0.442129,36,11.635883885190555,0.030168732752506925,3.0
13323,29355A10,ENPH,54026,2022-01-31,140.47,18808090.18,-0.232153,133894,140.47,202201,-0.0615,-0.0401,0.1286,0.0077,0.0773,0.0,-0.232153,0.18673,-0.2683399999999999,0.079308,0.442129,70,16.74979766395873,0.029455188512987444,6.0
18184,33813J10,FSR,56480,2022-01-31,11.81,1941162.46,-0.249205,164366,11.81,202201,-0.0615,-0.0401,0.1286,0.0077,0.0773,0.0,-0.249205,0.033023,-0.26471,0.33271,0.095563,36,14.478797557772731,0.029513248442224544,5.0
25487,05377410,CAR,6391,2022-01-31,176.18,9866080.0,-0.150407,56000,176.18,202201,-0.0615,-0.0401,0.1286,0.0077,0.0773,0.0,-0.150407,0.041208,-0.2449009999999999,0.442129,0.442129,312,16.104613169398935,0.03365302779034594,1.0
87337,72919P20,PLUG,17303,2022-01-31,21.87,12633314.85,-0.225292,577655,21.87,202201,-0.0615,-0.0401,0.1286,0.0077,0.0773,0.0,-0.225292,0.156379,-0.291693,0.041286,0.442129,94,16.35184791832279,0.02964910637791841,4.0
92213,76729210,RIOT,52663,2022-01-31,15.94,1860963.12,-0.286162,116748,15.94,202201,-0.0615,-0.0401,0.1286,0.0077,0.0773,0.0,-0.286162,0.080928,-0.30211295,0.372888,0.059144,37,14.436604718125498,0.03078745028829701,2.0
13031,74347Y81,KOLD,53104,2022-02-28,28.98,225290.52,-0.000345,7774,28.98,202202,-0.0227999999999999,0.0286,0.0306,-0.0203,0.0302999999999999,0.0,-0.000345,-0.30211295,-0.30211295,0.349956,0.261603,121,12.325146048304704,0.05597533082685687,4.0
17272,00700220,ACET,56239,2022-02-28,13.08,519759.96,0.03645,39737,13.08,202202,-0.0227999999999999,0.0286,0.0306,-0.0203,0.0302999999999999,0.0,0.03645,0.442129,-0.278445,0.442129,0.237209,36,13.161122368595814,0.05641283140011689,3.0
89290,87157D10,SYNA,42651,2022-02-28,228.43,9028467.32,0.085952,39524,228.43,202202,-0.0227999999999999,0.0286,0.0306,-0.0203,0.0302999999999999,0.0,0.085952,-0.126647,-0.273428,0.025658,0.442129,237,16.015893178982633,0.05290866591023225,6.0
90496,09624H20,BXC,46016,2022-02-28,89.38,869756.78,0.247627,9731,89.38,202202,-0.0227999999999999,0.0286,0.0306,-0.0203,0.0302999999999999,0.0,0.247627,-0.195793,-0.25188,0.357428,0.442129,106,13.675968888327294,0.05833812232486024,2.0
92583,89671220,TRT,7329,2022-02-28,6.75,26655.75,-0.032951,3949,6.75,202202,-0.0227999999999999,0.0286,0.0306,-0.0203,0.0302999999999999,0.0,-0.032951,0.067407,-0.30211295,0.442129,0.442129,77,10.190760166171088,0.06133759121175652,1.0
93340,G6331P10,AOSL,53387,2022-02-28,53.77,1436035.39,0.194093,26707,53.77,202202,-0.0227999999999999,0.0286,0.0306,-0.0203,0.0302999999999999,0.0,0.194093,0.016366,-0.25644,0.232799,0.417605,139,14.177396673133424,0.055804400636426194,5.0
14500,09627J10,BRG,54760,2022-03-31,26.57,777464.77,0.006869,29261,26.57,202203,0.0308,-0.0210999999999999,-0.019,-0.015,0.0321,0.0,0.006869,0.001505,0.0,0.006063,0.442129,93,13.563793610111803,0.03346465145327743,5.0
15710,30227H10,EXTN,55424,2022-03-31,6.21,206898.57,0.048986,33317,6.21,202203,0.0308,-0.0210999999999999,-0.019,-0.015,0.0321,0.0,0.048986,0.093398,0.084249,0.442129,0.266204,55,12.239983952158276,0.03441236995304417,1.0
50286,52376840,LEE,21090,2022-03-31,26.92,160362.44,-0.191592,5957,26.92,202203,0.0308,-0.0210999999999999,-0.019,-0.015,0.0321,0.0,-0.191592,-0.104755,-0.090164,0.059641,0.392081,171,11.985191782405217,0.034153758757984376,2.0
74500,87288520,TSRI,4456,2022-03-31,9.37,20108.02,-0.012645,2146,9.37,202203,0.0308,-0.0210999999999999,-0.019,-0.015,0.0321,0.0,-0.012645,-0.078975,-0.30211295,0.442129,0.047081,166,9.908874019440974,0.03358591453223931,4.0
75622,05563010,BPT,22037,2022-03-31,14.97,320358.0,0.187153,21400,14.97,202203,0.0308,-0.0210999999999999,-0.019,-0.015,0.0321,0.0,0.187153,-0.069235,0.442129,0.442129,0.374663,300,12.67719439944148,0.03336538112743284,6.0
78018,21050210,CPSS,11764,2022-03-31,10.16,216326.72,-0.136788,21292,10.16,202203,0.0308,-0.0210999999999999,-0.019,-0.015,0.0321,0.0,-0.136788,0.122047,-0.006751,0.0,0.442129,111,12.284545136442985,0.03368343915089128,3.0
14316,48576U20,KPTI,54655,2022-04-29,6.1,484449.8,-0.17232,79418,6.1,202204,-0.0941,-0.0034999999999999,0.0617999999999999,0.0341,0.0592,0.0,-0.17232,0.0292079999999999,-0.286544,0.160674,0.384137,96,13.090769092973762,0.06331611734282086,4.0
15347,25461H85,LABD,53101,2022-04-29,57.46,69871.36,0.63797,1216,57.46,202204,-0.0941,-0.0034999999999999,0.0617999999999999,0.0341,0.0592,0.0,0.442129,-0.015267,-0.124314,0.03274,0.442129,73,11.154411116077256,0.06086836073003175,6.0
66683,74966010,RES,21482,2022-04-29,10.34,2238547.96,-0.030928,216494,10.34,202204,-0.0941,-0.0034999999999999,0.0617999999999999,0.0341,0.0592,0.0,-0.030928,-0.095078,0.216648,0.442129,0.301762,301,14.621337981495069,0.06170573613827534,5.0
75622,05563010,BPT,22037,2022-04-29,13.01,278414.0,-0.069235,21400,13.01,202204,-0.0941,-0.0034999999999999,0.0617999999999999,0.0341,0.0592,0.0,-0.069235,0.442129,0.187153,0.442129,0.442129,301,12.536864493534356,0.06665876205776204,1.0
87471,76665T10,REPX,36564,2022-04-29,23.23,453333.45,-0.062397,19515,23.23,202204,-0.0941,-0.0034999999999999,0.0617999999999999,0.0341,0.0592,0.0,-0.062397,0.182223,-0.251343,0.249534,0.406499,38,13.024383226397031,0.06568413078585728,2.0
91283,07134L10,BATL,50735,2022-04-29,18.84,307789.08,0.013994,16337,18.84,202204,-0.0941,-0.0034999999999999,0.0617999999999999,0.0341,0.0592,0.0,0.013994,-0.149451,-0.001075,0.23588,0.442129,78,12.637170022174724,0.06370090252265169,3.0
13253,90346E10,SLCA,53989,2022-05-31,17.68,1334433.36,-0.048439,75477,17.68,202205,-0.0033,-0.0003,0.0843999999999999,0.0155,0.0395,0.0003,-0.048739,-0.30211295,-0.004287,0.290456,0.442129,108,14.104017310274124,0.03490403267380492,4.0
16689,70455110,BTU,55925,2022-05-31,23.61,3395118.0,0.042845,143800,23.61,202205,-0.0033,-0.0003,0.0843999999999999,0.0155,0.0395,0.0003,0.042545,-0.097169,-0.077049,0.414648,0.442129,44,15.037849075366506,0.03917600667191448,2.0
27422,18589910,CLF,20462,2022-05-31,23.18,12163403.66,-0.090624,524737,23.18,202205,-0.0033,-0.0003,0.0843999999999999,0.0155,0.0395,0.0003,-0.0909239999999999,-0.30211295,-0.208631,0.440519,0.304551,311,16.31394230158585,0.034907475961726345,3.0
49488,50216010,LXU,21072,2022-05-31,20.12,1802027.68,-0.060252,89564,20.12,202205,-0.0033,-0.0003,0.0843999999999999,0.0155,0.0395,0.0003,-0.060552,-0.30211295,-0.019689,0.262428,0.442129,211,14.404423077742768,0.03413492850401898,6.0
92557,53814230,LIVE,52950,2022-05-31,38.0,117648.0,-0.005236,3096,38.0,202205,-0.0033,-0.0003,0.0843999999999999,0.0155,0.0395,0.0003,-0.005536,-0.30211295,-0.129444,0.337805,0.349794,74,11.675452394436004,0.03474446990481934,5.0
92621,46121Y20,IPI,52993,2022-05-31,65.87,897083.53,-0.139854,13619,65.87,202205,-0.0033,-0.0003,0.0843999999999999,0.0155,0.0395,0.0003,-0.140154,-0.30211295,-0.067689,0.442129,0.442129,108,13.70690425822156,0.040424888414445706,1.0
11644,20576830,CRK,9465,2022-06-30,12.08,2813504.48,-0.374093,232906,12.08,202206,-0.084,0.0133,-0.06,0.0176,-0.0458,0.0006,-0.30211295,0.317909,0.132994,0.304981,0.442129,271,14.849941410176932,0.06264324610124533,3.0
13032,74347Y74,BOIL,53104,2022-06-30,42.1,199427.7,-0.593237,4737,42.1,202206,-0.084,0.0133,-0.06,0.0176,-0.0458,0.0006,-0.30211295,0.442129,0.173169,0.442129,0.442129,123,12.203207043612087,0.06889831220297879,1.0
13730,69318G10,PBF,54291,2022-06-30,29.02,3506428.56,-0.125904,120828,29.02,202206,-0.084,0.0133,-0.06,0.0176,-0.0458,0.0006,-0.1265039999999999,0.148407,0.142164,0.19245,0.442129,110,15.070108573159658,0.05896756916758815,4.0
49322,02917410,ARL,20098,2022-06-30,14.19,229196.88,-0.323319,16152,14.19,202206,-0.084,0.0133,-0.06,0.0176,-0.0458,0.0006,-0.30211295,0.0887,-0.056556,0.442129,0.176876,288,12.342336651164624,0.056886678580070474,6.0
65270,74936040,RCMT,5660,2022-06-30,20.24,205132.4,-0.079163,10135,20.24,202206,-0.084,0.0133,-0.06,0.0176,-0.0458,0.0006,-0.079763,-0.120365,0.257137,0.442129,0.390691,192,12.231410903305363,0.06660274423308318,2.0
81084,44414410,HDSN,13407,2022-06-30,7.51,338100.2,-0.249,45020,7.51,202206,-0.084,0.0133,-0.06,0.0176,-0.0458,0.0006,-0.2496,0.185618,0.442129,0.080515,0.442129,52,12.731097580236767,0.05728423973882288,5.0
13032,74347Y74,BOIL,53104,2022-07-29,88.03,285041.14,1.090974,3238,88.03,202207,0.0957,0.0178,-0.0415,0.0077,-0.0684999999999999,0.0008,0.442129,0.172472,-0.30211295,0.173169,0.442129,124,12.560388799710395,0.030882185479976162,4.0
14643,Y2687W10,GLOP,54853,2022-07-29,5.39,275628.43,-0.028829,51137,5.39,202207,0.0957,0.0178,-0.0415,0.0077,-0.0684999999999999,0.0008,-0.029629,0.124482,0.0485489999999999,0.103883,0.442129,71,12.52680896955026,0.029070300396415144,6.0
62922,59066010,MTR,21193,2022-07-29,12.2969,22921.42,0.136284,1864,12.2969,202207,0.0957,0.0178,-0.0415,0.0077,-0.0684999999999999,0.0008,0.135484,0.369819,-0.30211295,0.442129,0.404118,316,10.03982712353435,0.03548797091248258,2.0
65270,74936040,RCMT,5660,2022-07-29,17.82,180605.7,-0.119565,10135,17.82,202207,0.0957,0.0178,-0.0415,0.0077,-0.0684999999999999,0.0008,-0.120365,-0.022102,-0.079763,0.257137,0.442129,193,12.104071480928765,0.032356112481864235,3.0
80640,50345960,LJPC,13125,2022-07-29,6.21,154939.5,0.946708,24950,6.21,202207,0.0957,0.0178,-0.0415,0.0077,-0.0684999999999999,0.0008,0.442129,0.001321,-0.143791,0.442129,0.442129,121,11.950789997125051,0.03598322713083259,1.0
86916,91705J10,UONE,16512,2022-07-29,5.03,45798.15,-0.078755,9105,5.03,202207,0.0957,0.0178,-0.0415,0.0077,-0.0684999999999999,0.0008,-0.079555,0.083587,-0.30211295,0.442129,0.2944,120,10.731998976273356,0.02989329023204201,5.0
13876,42365Q10,HMTV,54376,2022-08-31,7.31,152252.68,-0.060411,20828,7.31,202208,-0.0377,0.0149,0.0018,-0.0478,0.0132,0.0019,-0.062311,-0.044308,0.018859,0.111645,0.442129,107,11.933296788044476,0.03736859287921385,4.0
18133,98424110,YMAB,56532,2022-08-31,16.08,703017.6,0.03143,43720,16.08,202208,-0.0377,0.0149,0.0018,-0.0478,0.0132,0.0019,0.02953,-0.105134,0.029603,0.215638,0.442129,44,13.463137206041296,0.03745155386988457,3.0
54704,60782810,MOD,7093,2022-08-31,14.98,779124.78,0.141768,52011,14.98,202208,-0.0377,0.0149,0.0018,-0.0478,0.0132,0.0019,0.139868,-0.138082,0.245164,-0.109737,0.442129,318,13.56592649174307,0.03645911474165826,6.0
61269,70066610,PKOH,3588,2022-08-31,16.59,212650.62,-0.059016,12818,16.59,202208,-0.0377,0.0149,0.0018,-0.0478,0.0132,0.0019,-0.060916,-0.30211295,0.118368,0.017372,0.442129,293,12.267405816266525,0.03725109792342124,5.0
85401,82691710,SIGA,15686,2022-08-31,15.08,1101201.92,-0.122746,73024,15.08,202208,-0.0377,0.0149,0.0018,-0.0478,0.0132,0.0019,-0.1246459999999999,-0.30211295,0.442129,0.0579009999999999,0.442129,80,13.911912795801555,0.03979063638936564,2.0
89891,03837C10,APYX,44602,2022-08-31,5.73,198103.29,-0.394292,34573,5.73,202208,-0.0377,0.0149,0.0018,-0.0478,0.0132,0.0019,-0.30211295,0.111286,0.442129,-0.035196,0.442129,85,12.196543840322589,0.04004091516297132,1.0
14451,20602210,CNCE,54733,2022-09-30,6.7,321164.5,0.018237,47935,6.7,202209,-0.0934,-0.0097,0.0003,-0.0137,-0.0077,0.0019,0.016337,-0.11424,0.1730999999999999,0.329366,0.442129,85,12.679708731908017,0.03681505358103667,1.0
14466,N9006410,QURE,54742,2022-09-30,18.76,878249.4,-0.039918,46815,18.76,202209,-0.0934,-0.0097,0.0003,-0.0137,-0.0077,0.0019,-0.041818,-0.009763,-0.231091,0.3591789999999999,0.29745,100,13.685685886951068,0.02947457757003539,6.0
15293,65342K10,NEXT,55212,2022-09-30,6.02,862064.0,-0.183175,143200,6.02,202209,-0.0934,-0.0097,0.0003,-0.0137,-0.0077,0.0019,-0.185075,0.160491,0.040533,0.442129,0.280559,55,13.667084792829412,0.02980332257644487,4.0
18137,01977010,ALLO,56536,2022-09-30,10.8,1555545.6,-0.212254,144032,10.8,202209,-0.0934,-0.0097,0.0003,-0.0137,-0.0077,0.0019,-0.214154,-0.048596,0.05434,0.137796,0.436979,44,14.257336910222833,0.029547089736773516,5.0
79362,98424510,YPF,29907,2022-09-30,6.21,1066107.96,0.131148,171676,6.21,202209,-0.0934,-0.0097,0.0003,-0.0137,-0.0077,0.0019,0.1292479999999999,0.227974,0.442129,0.194954,0.442129,306,13.879525154377252,0.030202565433271045,3.0
91457,64758120,EDU,51191,2022-09-30,23.97,3393624.66,-0.155986,141578,23.97,202209,-0.0934,-0.0097,0.0003,-0.0137,-0.0077,0.0019,-0.157886,-0.011895,0.034218,0.3454669999999999,0.442129,180,15.037409129385672,0.03614683029166972,2.0
14185,21676P10,CPS,54577,2022-10-31,9.5,162507.0,0.626712,17106,9.5,202210,0.0786,0.0181,0.0797,0.0327,0.0643,0.0023,0.442129,-0.258689,-0.256051,0.442129,0.218789,102,11.998476356747222,0.041587596595121776,6.0
14873,53146520,LTRPB,54995,2022-10-31,27.54,92809.8,-0.060068,3370,27.54,202210,0.0786,0.0181,0.0797,0.0327,0.0643,0.0023,-0.062368,-0.038303,-0.23105,0.442129,0.442129,94,11.438307516646915,0.050201924847205454,1.0
16705,3621LQ10,GTHX,55936,2022-10-31,10.66,457441.92,-0.146517,42912,10.66,202210,0.0786,0.0181,0.0797,0.0327,0.0643,0.0023,-0.148817,-0.30211295,-0.141114,0.442129,0.442129,60,13.033405204819104,0.0483439343460728,2.0
17000,76243J10,RYTM,56106,2022-10-31,25.17,1403378.52,0.027347,55756,25.17,202210,0.0786,0.0181,0.0797,0.0327,0.0643,0.0023,0.025047,0.060668,0.082171,0.442129,0.442129,55,14.154393115997,0.04544825721373347,3.0
86233,15643U10,LEU,34843,2022-10-31,47.31,651411.39,0.154466,13769,47.31,202210,0.0786,0.0181,0.0797,0.0327,0.0643,0.0023,0.152166,-0.199687,-0.179174,0.442129,0.3385939999999999,180,13.38689665708743,0.044556706866112766,4.0
91664,G0704V20,FFHL,51551,2022-10-31,7.17,23417.22,-0.201559,3266,7.17,202210,0.0786,0.0181,0.0797,0.0327,0.0643,0.0023,-0.2038589999999999,0.090545,-0.125802,0.312203,0.442129,36,10.06122692814194,0.04360391583747918,5.0
14467,76133010,RVNC,54743,2022-11-30,21.71,1786168.54,-0.026894,82274,21.71,202211,0.0469,-0.0275,0.0148,0.063,0.0315,0.0029,-0.029794,-0.153001,-0.176004,0.354884,0.280316,102,14.3955834032675,0.04836109144694649,5.0
87437,26929N10,EVI,36370,2022-11-30,25.0,313675.0,0.282051,12547,25.0,202211,0.0469,-0.0275,0.0148,0.063,0.0315,0.0029,0.279151,-0.0484999999999999,0.072672,0.442129,0.442129,72,12.6561126970279,0.054571882957710004,2.0
88462,14817C10,SAVA,37952,2022-11-30,34.83,1395603.27,-0.044182,40069,34.83,202211,0.0469,-0.0275,0.0148,0.063,0.0315,0.0029,-0.047082,-0.1551809999999999,-0.130947,0.442129,0.442129,155,14.148837331370258,0.058432900130428275,1.0
92856,25461A49,TECS,53101,2022-11-30,32.05,155442.5,-0.235266,4850,32.05,202211,0.0469,-0.0275,0.0148,0.063,0.0315,0.0029,-0.238166,0.2625349999999999,-0.248252,0.421039,0.1749609999999999,161,11.954031167298208,0.050349441269346866,4.0
92971,25460G41,DRV,53101,2022-11-30,47.21,173921.64,-0.223392,3684,47.21,202211,0.0469,-0.0275,0.0148,0.063,0.0315,0.0029,-0.226292,0.143889,-0.101307,0.442129,0.1781519999999999,155,12.066360131933394,0.047887831418565945,6.0
93283,25460G11,SOXS,53101,2022-11-30,30.01,851473.73,-0.494696,28373,30.01,202211,0.0469,-0.0275,0.0148,0.063,0.0315,0.0029,-0.30211295,0.315832,-0.162628,0.442129,0.2291639999999999,143,13.654723927170329,0.05045587930568617,3.0
13031,74347Y81,KOLD,53104,2022-12-30,27.56,142402.52,0.968571,5167,27.56,202212,-0.0638,-0.0019,0.0134,0.0032,0.0428,0.0033,0.442129,0.442129,-0.257823,0.089507,0.442129,131,11.866412974432642,0.06477633086309227,6.0
14167,46583P10,ISEE,54561,2022-12-30,21.41,2925462.4,-0.093565,136640,21.41,202212,-0.0638,-0.0019,0.0134,0.0032,0.0428,0.0033,-0.0968649999999999,0.075435,-0.0154419999999999,0.3310329999999999,0.442129,67,14.888963111623989,0.06738271914423835,4.0
15431,81750R20,MCRB,55315,2022-12-30,5.6,701243.2,-0.138462,125222,5.6,202212,-0.0638,-0.0019,0.0134,0.0032,0.0428,0.0033,-0.141762,-0.0267139999999999,-0.269266,0.377762,0.2471269999999999,68,13.46061003880233,0.069712543204238,3.0
16711,M9608810,URGN,55942,2022-12-30,8.87,207992.63,0.035006,23449,8.87,202212,-0.0638,-0.0019,0.0134,0.0032,0.0428,0.0033,0.031706,0.1678639999999999,-0.279693,0.421979,0.114879,64,12.245257925363395,0.06635601739302117,5.0
92409,74350P57,FXP,50846,2022-12-30,35.58,23198.16,-0.077704,652,35.58,202212,-0.0638,-0.0019,0.0134,0.0032,0.0428,0.0033,-0.0810039999999999,-0.233123,-0.30211295,0.4348499999999999,0.337783,178,10.051828244164344,0.08173156761997355,2.0
93157,25461A46,YANG,53101,2022-12-30,11.89,164403.03,-0.132117,13827,11.89,202212,-0.0638,-0.0019,0.0134,0.0032,0.0428,0.0033,-0.135417,-0.30211295,-0.30211295,0.442129,0.442129,152,12.010076192091308,0.08629244950576961,1.0
13833,25461A38,KORU,53101,2023-01-31,10.34,34122.0,0.378667,3300,10.34,202301,0.0659,0.0438999999999999,-0.0394,-0.0242,-0.0443,0.0034999999999999,0.375167,-0.239377,-0.189668,0.442129,0.2721679999999999,113,10.437697616534855,0.05931536977379863,2.0
14387,25459Y28,EURL,53101,2023-01-31,21.91,31769.5,0.294917,1450,21.91,202301,0.0659,0.0438999999999999,-0.0394,-0.0242,-0.0443,0.0034999999999999,0.291417,-0.058626,-0.071156,0.4154509999999999,0.237816,105,10.366261989021996,0.05323780922664749,6.0
16827,71639T10,PETQ,56012,2023-01-31,11.84,343064.0,0.284165,28975,11.84,202301,0.0659,0.0438999999999999,-0.0394,-0.0242,-0.0443,0.0034999999999999,0.280665,-0.2162379999999999,-0.226552,0.441139,0.189004,63,12.745672297663813,0.05516689331778195,5.0
25304,41586410,HSC,20884,2023-01-31,7.94,631031.5,0.262321,79475,7.94,202301,0.0659,0.0438999999999999,-0.0394,-0.0242,-0.0443,0.0034999999999999,0.258821,0.0620909999999999,-0.162391,0.411089,0.412139,330,13.355111061038048,0.05971374367980434,1.0
83656,05337M10,AVDL,14701,2023-01-31,7.525,472532.38,0.050978,62795,7.525,202301,0.0659,0.0438999999999999,-0.0394,-0.0242,-0.0443,0.0034999999999999,0.047478,0.318859,-0.222493,0.388602,0.313069,223,13.065861552668451,0.056186506448788504,3.0
90706,17306X10,CTRN,46691,2023-01-31,31.48,262983.92,0.188822,8354,31.48,202301,0.0659,0.0438999999999999,-0.0394,-0.0242,-0.0443,0.0034999999999999,0.185322,-0.112676,-0.127059,0.333677,0.442129,209,12.479848168606322,0.055596211538511534,4.0
14682,75508B10,RYAM,54876,2023-02-28,8.2,524562.2,0.183261,63971,8.2,202302,-0.0256999999999999,0.0058,-0.008,0.0097,-0.0151,0.0034,0.179861,-0.2389659999999999,-0.281625,0.23701,0.442129,78,13.17031928891986,0.051846935174330894,4.0
15135,42340310,MOMO,55152,2023-02-28,8.81,1522887.79,-0.140488,172859,8.81,202302,-0.0256999999999999,0.0058,-0.008,0.0097,-0.0151,0.0034,-0.143888,0.029317,0.137925,0.442129,0.218377,92,14.236118952209637,0.05028459420679661,6.0
15784,70465T10,PDSB,55458,2023-02-28,7.65,235803.6,-0.081633,30824,7.65,202302,-0.0256999999999999,0.0058,-0.008,0.0097,-0.0151,0.0034,-0.085033,-0.199678,-0.30211295,0.442129,0.442129,49,12.37075453414444,0.06521520562719559,1.0
17346,09004010,BILI,56291,2023-02-28,19.3,2376775.7,-0.228,123149,19.3,202302,-0.0256999999999999,0.0058,-0.008,0.0097,-0.0151,0.0034,-0.2314,0.214017,0.051798,0.3613309999999999,0.442129,56,14.681255379247911,0.05349519338310313,3.0
17880,30041R10,EVER,56405,2023-02-28,13.65,368509.05,-0.125,26997,13.65,202302,-0.0256999999999999,0.0058,-0.008,0.0097,-0.0151,0.0034,-0.1284,0.014715,0.054845,0.361515,0.442129,52,12.817220549333028,0.05474897245420439,2.0
91673,58546410,MLCO,51560,2023-02-28,12.78,2701755.9,-0.064422,211405,12.78,202302,-0.0256999999999999,0.0058,-0.008,0.0097,-0.0151,0.0034,-0.067822,-0.007512,0.184326,0.344883,0.442129,171,14.809412452932806,0.050457940469318646,5.0
13031,74347Y81,KOLD,53104,2023-03-31,72.42,117103.14,0.415006,1617,72.42,202303,0.0249,-0.0689,-0.0905,0.0227,-0.021,0.0036,0.411406,-0.045615,-0.039013,0.442129,0.442129,134,11.670810363914605,0.04397239649060458,1.0
14185,21676P10,CPS,54577,2023-03-31,14.24,243617.92,-0.10721,17108,14.24,202303,0.0249,-0.0689,-0.0905,0.0227,-0.021,0.0036,-0.11081,-0.058978,-0.048882,0.442129,0.278171,107,12.40335637533063,0.03629793926648199,4.0
14691,23257D10,CBAY,54884,2023-03-31,8.72,848726.32,0.09,97331,8.72,202303,0.0249,-0.0689,-0.0905,0.0227,-0.021,0.0036,0.0863999999999999,0.2304449999999999,-0.049884,0.3346179999999999,0.442129,44,13.65149205761311,0.03556753581378559,6.0
15365,06684L10,BZUN,55266,2023-03-31,6.02,226683.1,-0.042925,37655,6.02,202303,0.0249,-0.0689,-0.0905,0.0227,-0.021,0.0036,-0.046525,0.288733,-0.176856,0.432349,0.217898,88,12.33130828585618,0.037726578073073495,3.0
68145,64051M70,NEON,3984,2023-03-31,7.61,116881.99,-0.04875,15359,7.61,202303,0.0249,-0.0689,-0.0905,0.0227,-0.021,0.0036,-0.05235,-0.06329,-0.036048,0.442129,0.338163,105,11.668920072289223,0.03902146978767415,2.0
79237,H8817H10,RIG,29866,2023-03-31,6.36,4619039.04,-0.090129,726264,6.36,202303,0.0249,-0.0689,-0.0905,0.0227,-0.021,0.0036,-0.093729,-0.075827,0.033692,0.442129,0.3801259999999999,295,15.345697241422922,0.03619649909520617,5.0
14543,09530610,BLBD,54719,2023-04-28,18.7,599073.2,-0.084679,32036,18.7,202304,0.0063,-0.0256999999999999,-0.0012,0.0242,0.0285,0.0034999999999999,-0.088179,0.35255,0.002308,0.39729,0.350375,106,13.303139073304116,0.03580922658886909,6.0
16998,62955X40,NAAS,56104,2023-04-28,8.83,41924.84,-0.170892,4748,8.83,202304,0.0063,-0.0256999999999999,-0.0012,0.0242,0.0285,0.0034999999999999,-0.174392,-0.196125,0.442129,0.442129,0.297336,39,10.643633770345428,0.03722483560923006,2.0
47619,49314410,KTCC,6093,2023-04-28,6.84,73612.08,-0.059147,10762,6.84,202304,0.0063,-0.0256999999999999,-0.0012,0.0242,0.0285,0.0034999999999999,-0.062647,-0.206816,0.059265,0.442129,0.155663,174,11.206564421683824,0.03587122194314063,5.0
51263,56357140,MTW,2767,2023-04-28,15.29,536449.65,-0.105325,35085,15.29,202304,0.0063,-0.0256999999999999,-0.0012,0.0242,0.0285,0.0034999999999999,-0.108825,-0.065078,-0.099845,0.376892,0.442129,330,13.19272798762736,0.03699029780547274,3.0
75985,40624Q30,HALL,10299,2023-04-28,5.82,10580.76,-0.104615,1818,5.82,202304,0.0063,-0.0256999999999999,-0.0012,0.0242,0.0285,0.0034999999999999,-0.108115,0.244555,-0.30211295,0.442129,0.236031,164,9.266792536480772,0.04113224934615023,1.0
78211,91359V10,UVE,11862,2023-04-28,15.42,469246.02,-0.153677,30431,15.42,202304,0.0063,-0.0256999999999999,-0.0012,0.0242,0.0285,0.0034999999999999,-0.157177,-0.063549,-0.053144,0.442129,0.199522,144,13.05888247279318,0.036375304956709674,4.0
14822,60338020,NERV,54967,2023-05-31,5.97,33240.96,1.132143,5568,5.97,202305,0.0033,-0.0043,-0.0779,-0.0178,-0.0708,0.0036,0.442129,0.442129,-0.183638,0.442129,0.442129,64,10.411538129418766,0.053666962059149184,3.0
15287,21833P30,CRBP,55227,2023-05-31,9.47,39916.05,0.078588,4215,9.47,202305,0.0033,-0.0043,-0.0779,-0.0178,-0.0708,0.0036,0.074988,-0.176122,0.204203,0.442129,0.442129,44,10.594533777633943,0.061309472432917615,1.0
15303,92686J10,VKTX,55236,2023-05-31,21.96,2186820.72,0.030502,99582,21.96,202305,0.0033,-0.0043,-0.0779,-0.0178,-0.0708,0.0036,0.026902,-0.26584,0.27638,0.442129,0.253449,53,14.597959320990103,0.055062244574468365,2.0
16998,62955X40,NAAS,56104,2023-05-31,7.13,57246.77,-0.192525,8029,7.13,202305,0.0033,-0.0043,-0.0779,-0.0178,-0.0708,0.0036,-0.196125,-0.256454,-0.174392,0.442129,0.442129,40,10.955126500610888,0.05343515263426027,4.0
78189,71415720,PESI,11830,2023-05-31,10.8,144925.2,0.189427,13419,10.8,202305,0.0033,-0.0043,-0.0779,-0.0178,-0.0708,0.0036,0.185827,0.012667,-0.232702,0.442129,0.442129,37,11.883973026231132,0.05155186958452674,5.0
92213,76729210,RIOT,52663,2023-05-31,12.0,2100936.0,0.003344,175078,12.0,202305,0.0033,-0.0043,-0.0779,-0.0178,-0.0708,0.0036,-0.0002559999999999,-0.019,0.193697,0.442129,-0.00659,50,14.55789351767826,0.04706384074184173,6.0
14172,72383630,PPSI,54564,2023-06-30,8.4,83958.0,0.530055,9995,8.4,202306,0.0646,0.0128,-0.0013,0.0232,-0.0154,0.004,0.442129,-0.069976,0.0911159999999999,0.421216,-0.055092,70,11.338071952783768,0.05248521527953057,5.0
79895,05893410,BBAR,30025,2023-06-30,6.13,76110.08,0.399543,12416,6.13,202306,0.0646,0.0128,-0.0013,0.0232,-0.0154,0.004,0.395543,-0.072163,0.095525,0.423152,0.021952,251,11.23993599237112,0.05485055050089778,1.0
80114,85809820,STCN,12793,2023-06-30,8.38,54721.4,0.065707,6530,8.38,202306,0.0646,0.0128,-0.0013,0.0232,-0.0154,0.004,0.061707,0.162564,-0.09965,0.442129,-0.028777,111,10.910010136764468,0.054455517111688334,2.0
80233,23426410,DAKT,12843,2023-06-30,6.4,278918.4,0.017488,43581,6.4,202306,0.0646,0.0128,-0.0013,0.0232,-0.0154,0.004,0.013488,0.118938,0.304092,0.392952,0.0347359999999999,290,12.53867454490662,0.05258813303268399,4.0
80951,87238610,TESS,13338,2023-06-30,8.95,82787.5,0.009019,9250,8.95,202306,0.0646,0.0128,-0.0013,0.0232,-0.0154,0.004,0.0050189999999999,0.0010869999999999,0.006651,0.442129,-0.056638,329,11.324032362793234,0.05404066870563892,3.0
82670,88322Q10,TGTX,14232,2023-06-30,24.84,3749051.52,-0.067217,150928,24.84,202306,0.0646,0.0128,-0.0013,0.0232,-0.0154,0.004,-0.071217,-0.171569,0.068893,0.442129,-0.064774,140,15.137013437954913,0.05181969450440342,6.0
15784,70465T10,PDSB,55458,2023-07-31,5.715,176410.62,0.136183,30868,5.715,202307,0.0321,0.0286,0.0406,-0.0059,0.0066,0.0045,0.131683,0.022622,-0.30211295,0.442129,-0.014882,54,12.080569624824268,0.058331967682208115,4.0
16999,78138630,RMBL,56105,2023-07-31,10.27,170122.55,-0.169094,16565,10.27,202307,0.0321,0.0286,0.0406,-0.0059,0.0066,0.0045,-0.173594,-0.30211295,0.127868,0.442129,0.118612,47,12.044274338674462,0.05850118349086482,3.0
17155,74766Q10,QTRX,56181,2023-07-31,24.84,933139.44,0.101552,37566,24.84,202307,0.0321,0.0286,0.0406,-0.0059,0.0066,0.0045,0.097052,0.074405,0.145924,0.442129,0.118062,64,13.746309922038645,0.05729075219228003,5.0
75860,45253H10,IMGN,10380,2023-07-31,17.82,4436164.26,-0.055644,248943,17.82,202307,0.0321,0.0286,0.0406,-0.0059,0.0066,0.0045,-0.060144,-0.115611,0.379431,0.442129,0.400146,189,15.305300655621668,0.060341551344290985,2.0
78447,M8737E10,TARO,5630,2023-07-31,36.55,1373731.75,-0.036383,37585,36.55,202307,0.0321,0.0286,0.0406,-0.0059,0.0066,0.0045,-0.040883,0.079495,0.023635,0.442129,0.032684,275,14.133041499807357,0.05609934778645863,6.0
89935,55279B30,MEIP,44689,2023-07-31,7.07,47107.41,0.074468,6663,7.07,202307,0.0321,0.0286,0.0406,-0.0059,0.0066,0.0045,0.069968,-0.252025,-0.149455,0.442129,0.1083389999999999,56,10.760185592471018,0.06067633452433257,1.0
14873,53146520,LTRPB,54995,2023-08-31,30.95,115660.15,-0.236556,3737,30.95,202308,-0.0236,-0.0365,-0.0115,0.0335,-0.0241,0.0045,-0.241056,-0.0304709999999999,-0.135103,0.442129,0.046167,104,11.65841142861609,0.050799875458667945,4.0
15293,65342K10,NEXT,55212,2023-08-31,6.07,1465467.96,0.089767,241428,6.07,202308,-0.0236,-0.0365,-0.0115,0.0335,-0.0241,0.0045,0.085267,-0.160807,-0.30211295,0.442129,-0.112749,64,14.197685176048644,0.05230680159921478,2.0
16120,16954L20,COE,55596,2023-08-31,8.03,4818.0,-0.095721,600,8.03,202308,-0.0236,-0.0365,-0.0115,0.0335,-0.0241,0.0045,-0.100221,0.09159,-0.006747,0.442129,0.05727,65,8.480114183174816,0.049920271351291144,6.0
18838,35961610,FULC,56828,2023-08-31,5.53,341881.19,0.447644,61823,5.53,202308,-0.0236,-0.0365,-0.0115,0.0335,-0.0241,0.0045,0.442129,0.40195,-0.30211295,0.442129,0.059474,40,12.742218558027377,0.05362357347888506,1.0
87364,74837P40,QUIK,17202,2023-08-31,8.38,116138.42,0.020706,13859,8.38,202308,-0.0236,-0.0365,-0.0115,0.0335,-0.0241,0.0045,0.0162059999999999,0.021953,-0.111138,0.442129,0.0785299999999999,71,11.662538034562797,0.05042276093947403,5.0
91278,74915M70,QRTEB,41998,2023-08-31,6.21,54027.0,-0.182895,8700,6.21,202308,-0.0236,-0.0365,-0.0115,0.0335,-0.0241,0.0045,-0.187395,0.222753,-0.088837,0.442129,0.381217,194,10.897239200588064,0.05135680408421994,3.0
15613,25460G15,DPST,53101,2023-09-29,54.23,462256.52,-0.173959,8524,54.23,202309,-0.0523,-0.0178,0.0149,0.0187,-0.0077,0.0043,-0.178259,-0.179327,-0.258305,0.442129,0.126806,93,13.043875254071477,0.059245803069727064,4.0
18087,62914V10,NIO,56508,2023-09-29,9.04,1446400.0,-0.119766,160000,9.04,202309,-0.0523,-0.0178,0.0149,0.0187,-0.0077,0.0043,-0.124066,-0.197178,-0.30211295,0.442129,0.282853,43,14.184588268620049,0.06091737565430541,1.0
19134,26853E10,EH,56970,2023-09-29,18.02,683552.66,-0.08667,37933,18.02,202309,-0.0523,-0.0178,0.0149,0.0187,-0.0077,0.0043,-0.09097,-0.235,-0.133803,0.442129,0.442129,39,13.43505897680162,0.05844448976232462,5.0
91283,07134L10,BATL,50735,2023-09-29,6.18,101704.26,0.067358,16457,6.18,202309,-0.0523,-0.0178,0.0149,0.0187,-0.0077,0.0043,0.063058,-0.0338259999999999,-0.30211295,0.442129,-0.075545,95,11.529824469064982,0.059592207755538744,3.0
92213,76729210,RIOT,52663,2023-09-29,9.33,1831488.33,-0.177974,196301,9.33,202309,-0.0523,-0.0178,0.0149,0.0187,-0.0077,0.0043,-0.182274,0.043532,-0.30211295,0.442129,-0.019,54,14.420639489354334,0.05837899981405406,6.0
92776,96090850,WPRT,53078,2023-09-29,6.06,104080.5,-0.152448,17175,6.06,202309,-0.0523,-0.0178,0.0149,0.0187,-0.0077,0.0043,-0.156748,-0.164766,-0.30211295,0.427051,0.082864,80,11.552919917171772,0.059685743597003536,2.0
12209,53191410,LWAY,10059,2023-10-31,10.67,156752.97,0.031915,14691,10.67,202310,-0.0315,-0.0403,0.002,0.0241,-0.0069,0.0046999999999999,0.027215,0.313313,-0.04244,0.442129,-0.00908,275,11.96242640568409,0.02107555375952505,5.0
13599,53222K20,LFVN,54194,2023-10-31,7.5,95302.5,0.162791,12707,7.5,202310,-0.0315,-0.0403,0.002,0.0241,-0.0069,0.0046999999999999,0.1580909999999999,-0.1583999999999999,-0.075833,0.442129,0.158718,65,11.4648113222468,0.020912884232308422,6.0
14145,03823U10,AAOI,54548,2023-10-31,7.43,254596.38,-0.322698,34266,7.43,202310,-0.0315,-0.0403,0.002,0.0241,-0.0069,0.0046999999999999,-0.30211295,0.442129,-0.207641,0.442129,0.12805,101,12.447434746622584,0.022418480209503506,2.0
17104,03753U10,APLS,56148,2023-10-31,48.66,5766210.0,0.27918,118500,48.66,202310,-0.0315,-0.0403,0.002,0.0241,-0.0069,0.0046999999999999,0.27448,0.102669,-0.103092,0.442129,-0.30211295,68,15.5675255769127,0.02151547958061365,3.0
63773,87943382,TDS,5230,2023-10-31,18.19,1914952.25,-0.006554,105275,18.19,202310,-0.0315,-0.0403,0.002,0.0241,-0.0069,0.0046999999999999,-0.011254,0.078613,-0.143396,0.442129,-0.030016,342,14.46520324556016,0.02122048555887497,4.0
90077,19249M10,COHN,44990,2023-10-31,5.79,10543.59,-0.111963,1821,5.79,202310,-0.0315,-0.0403,0.002,0.0241,-0.0069,0.0046999999999999,-0.1166629999999999,0.094227,-0.30211295,0.442129,0.326364,103,9.263273371312511,0.024491581423143595,1.0
16962,62898810,GEHI,56080,2023-11-30,10.49,8182.2,0.180642,780,10.49,202311,0.0888,-0.002,0.0167,-0.0373,-0.0108,0.0044,0.176242,0.038056,-0.111511,0.442129,-0.085401,39,9.009716342091844,-0.02128827316487461,2.0
17959,22663K10,CRNX,56453,2023-11-30,31.79,2123540.21,0.085353,66799,31.79,202311,0.0888,-0.002,0.0167,-0.0373,-0.0108,0.0044,0.080953,0.11492,-0.019831,0.442129,-0.092921,61,14.568595164275516,-0.02559512407955017,5.0
18776,45258J10,IMVT,56742,2023-11-30,39.13,5660624.06,0.183964,144662,39.13,202311,0.0888,-0.002,0.0167,-0.0373,-0.0108,0.0044,0.179564,0.072368,-0.143799,0.442129,-0.009756,46,15.549044702051935,-0.023541973045734417,4.0
59627,92765110,VIRC,4805,2023-11-30,6.71,109688.37,0.101806,16347,6.71,202311,0.0888,-0.002,0.0167,-0.0373,-0.0108,0.0044,0.0974059999999999,0.442129,-0.237697,0.442129,0.174468,162,11.605398624234798,-0.018917146339248354,1.0
76279,57685310,MTRX,10758,2023-11-30,9.96,271051.44,-0.145064,27214,9.96,202311,0.0888,-0.002,0.0167,-0.0373,-0.0108,0.0044,-0.1494639999999999,-0.022372,-0.0174119999999999,0.415676,0.308296,301,12.51006389734731,-0.023394288228051896,3.0
78963,16861510,CHS,12036,2023-11-30,7.54,930865.78,0.008021,123457,7.54,202311,0.0888,-0.002,0.0167,-0.0373,-0.0108,0.0044,0.003621,0.0010049999999999,-0.0046999999999999,0.442129,-0.163516,289,13.7438703783043,-0.025866344002509103,6.0
10333,98419J20,XOMA,8254,2023-12-29,18.5,212657.5,0.246631,11495,18.5,202312,0.0486,0.0727,0.0489,-0.0297,0.0129,0.0043,0.242331,0.074759,-0.217132,0.333128,0.000693,148,12.26743816928156,0.035478428870924714,4.0
12745,62913M10,NGL,53753,2023-12-29,5.57,734833.39,0.286374,131927,5.57,202312,0.0486,0.0727,0.0489,-0.0297,0.0129,0.0043,0.282074,0.038388,-0.126527,0.442129,-0.156595,105,13.50739907222701,0.038891792141931184,2.0
13032,74347Y74,BOIL,53104,2023-12-29,28.44,741402.36,-0.215665,26069,28.44,202312,0.0486,0.0727,0.0489,-0.0297,0.0129,0.0043,-0.219965,-0.192464,-0.30211295,0.261574,-0.135887,138,13.516298752860685,0.03800283685089405,3.0
14328,00165C30,AMC,54665,2023-12-29,6.12,1213944.84,-0.079699,198357,6.12,202312,0.0486,0.0727,0.0489,-0.0297,0.0129,0.0043,-0.083999,0.061765,-0.30211295,0.331971,-0.30211295,105,14.009385812995998,0.04339317282614316,1.0
26201,20582620,CMTL,9654,2023-12-29,8.43,240077.97,-0.286198,28479,8.43,202312,0.0486,0.0727,0.0489,-0.0297,0.0129,0.0043,-0.290498,-0.25381,-0.036367,0.389586,-0.133653,309,12.388719024563672,0.03447642963335823,5.0
65752,87815530,TISI,4402,2023-12-29,6.6,28828.8,-0.076923,4368,6.6,202312,0.0486,0.0727,0.0489,-0.0297,0.0129,0.0043,-0.081223,0.064997,-0.150159,0.199617,-0.217211,247,10.26913016645712,0.03436101693299502,6.0
14625,42727J10,HRTG,54841,2024-01-31,6.02,181003.34,-0.076687,30067,6.02,202401,0.0073,-0.0572,-0.0237999999999999,0.0067,-0.0097,0.0046999999999999,-0.081387,0.151946,-0.262548,0.442129,-0.094068,97,12.10627076311638,0.020066952901946836,1.0
50286,52376840,LEE,21090,2024-01-31,10.83,66528.69,0.376112,6143,10.83,202401,0.0073,-0.0572,-0.0237999999999999,0.0067,-0.0097,0.0046999999999999,0.371412,-0.103923,-0.30211295,0.272817,-0.172767,193,11.105388562176827,0.01657773443437343,3.0
62922,59066010,MTR,21193,2024-01-31,10.82,20168.48,-0.178414,1864,10.82,202401,0.0073,-0.0572,-0.0237999999999999,0.0067,-0.0097,0.0046999999999999,-0.183114,-0.023639,-0.279735,0.373592,-0.128571,334,9.911876268663873,0.01929698174003084,2.0
81133,87927320,TEO,30836,2024-01-31,7.76,511384.0,0.085315,65900,7.76,202401,0.0073,-0.0572,-0.0237999999999999,0.0067,-0.0097,0.0046999999999999,0.080615,-0.069922,-0.138683,0.442129,-0.087435,318,13.144876054685726,0.014159428754053977,6.0
87084,92823T20,VHC,16687,2024-01-31,7.06,25543.08,0.008571,3618,7.06,202401,0.0073,-0.0572,-0.0237999999999999,0.0067,-0.0097,0.0046999999999999,0.003871,-0.157175,-0.0987369999999999,0.442129,-0.199713,98,10.148121717460391,0.014629235773606392,5.0
90483,88337K40,NCTY,46004,2024-01-31,5.3613,18137.28,-0.284206,3383,5.3613,202401,0.0073,-0.0572,-0.0237999999999999,0.0067,-0.0097,0.0046999999999999,-0.288906,0.0104789999999999,-0.10406,0.442129,-0.226706,99,9.805724767553064,0.01528738675249064,4.0
12350,62526P87,MULN,53535,2024-02-29,7.12,46650.24,0.014245,6552,7.12,202402,0.0507,-0.0081999999999999,-0.0343,-0.0206,-0.0217,0.0042,0.010045,-0.273963,-0.30211295,-0.064168,-0.30211295,61,10.75043335095679,0.013276166666923894,4.0
14467,76133010,RVNC,54743,2024-02-29,7.14,628055.82,0.419483,87963,7.14,202402,0.0507,-0.0081999999999999,-0.0343,-0.0206,-0.0217,0.0042,0.415283,0.442129,-0.30211295,0.294075,-0.1463519999999999,117,13.350384326850586,0.012908252665870087,6.0
19017,71722W10,PHAT,56917,2024-02-29,10.7,620279.0,0.597015,57970,10.7,202402,0.0507,-0.0081999999999999,-0.0343,-0.0206,-0.0217,0.0042,0.442129,-0.011777,-0.270856,0.3018519999999999,-0.252787,49,13.33792465580164,0.013992864366830511,3.0
19356,98943L10,ZNTL,57070,2024-02-29,14.91,1058013.6,0.258228,70960,14.91,202402,0.0507,-0.0081999999999999,-0.0343,-0.0206,-0.0217,0.0042,0.254028,0.052709,-0.222522,0.342367,-0.30211295,43,13.871903745760108,0.013209175547493422,5.0
86489,83125X10,SNBR,16332,2024-02-29,16.52,367388.28,0.603883,22239,16.52,202402,0.0507,-0.0081999999999999,-0.0343,-0.0206,-0.0217,0.0042,0.442129,-0.033961,-0.30211295,0.442129,-0.30211295,251,12.81417455141766,0.018101204365777473,1.0
91283,07134L10,BATL,50735,2024-02-29,5.99,98577.43,-0.125547,16457,5.99,202402,0.0507,-0.0081999999999999,-0.0343,-0.0206,-0.0217,0.0042,-0.129747,-0.059392,-0.2919009999999999,0.442129,-0.166067,100,11.49859760972274,0.014699464701320249,2.0
15347,25461H85,LABD,53101,2024-03-28,7.29,138991.14,0.099282,19066,7.29,202403,0.0283999999999999,-0.0121,0.0416,0.0133,0.0113999999999999,0.0043,0.094982,0.375273,-0.30211295,0.030388,-0.30211295,96,11.842165469074091,0.022763374380426762,1.0
16932,77543R10,ROKU,56066,2024-03-28,65.17,8265771.78,0.031497,126834,65.17,202403,0.0283999999999999,-0.0121,0.0416,0.0133,0.0113999999999999,0.0043,0.027197,-0.119937,-0.2867349999999999,-0.043976,-0.1246449999999999,75,15.92763366418803,0.016684165966374485,6.0
39731,38937520,GTN,1908,2024-03-28,8.61,76792.59,0.318857,8919,8.61,202403,0.0283999999999999,-0.0121,0.0416,0.0133,0.0113999999999999,0.0043,0.314557,-0.0941309999999999,-0.282935,0.065899,-0.055456,289,11.248863430105846,0.0169957183855391,5.0
50286,52376840,LEE,21090,2024-03-28,13.33,81886.19,0.367179,6143,13.33,202403,0.0283999999999999,-0.0121,0.0416,0.0133,0.0113999999999999,0.0043,0.3628789999999999,-0.075968,-0.103923,0.371412,-0.30211295,195,11.313085635354543,0.01791715684530782,2.0
92814,25460E23,TZA,53101,2024-03-28,16.79,533468.67,-0.098292,31773,16.79,202403,0.0283999999999999,-0.0121,0.0416,0.0133,0.0113999999999999,0.0043,-0.102592,0.2329409999999999,-0.16493,0.121115,-0.30211295,180,13.187155622601228,0.01727968614254921,4.0
93257,74350P64,SRTY,50846,2024-03-28,25.38,111875.04,-0.09753,4408,25.38,202403,0.0283999999999999,-0.0121,0.0416,0.0133,0.0113999999999999,0.0043,-0.10183,0.229737,-0.165671,0.120383,-0.30211295,164,11.625137813118991,0.017488008183147018,3.0
12339,87408010,TAL,53527,2024-04-30,12.04,4930175.32,0.060793,409483,12.04,202404,-0.0465,-0.0259,-0.0045,0.0113999999999999,-0.0031,0.0046999999999999,0.056093,-0.060878,-0.233764,0.380198,-0.162261,147,15.41088510725269,0.0420183219743969,6.0
15937,28106W10,EDIT,55521,2024-04-30,5.21,428444.35,-0.297844,82235,5.21,202404,-0.0465,-0.0259,-0.0045,0.0113999999999999,-0.0031,0.0046999999999999,-0.30211295,-0.006319,-0.266725,0.42681,-0.30211295,95,12.967916136940644,0.05098297657161841,2.0
18572,08862E10,BYND,56715,2024-04-30,6.78,439703.34,-0.181159,64853,6.78,202404,-0.0465,-0.0259,-0.0045,0.0113999999999999,-0.0031,0.0046999999999999,-0.185859,0.115069,-0.229744,0.442129,-0.26088,56,12.993855551228291,0.04725131919523279,3.0
19564,50202M10,LI,57178,2024-04-30,26.28,5402327.04,-0.1321,205568,26.28,202404,-0.0465,-0.0259,-0.0045,0.0113999999999999,-0.0031,0.0046999999999999,-0.1368,-0.2338519999999999,-0.30211295,0.442129,-0.265186,42,15.502340352042737,0.051244449225600286,1.0
20193,12468P10,AI,57590,2024-04-30,22.53,2670908.97,-0.167713,118549,22.53,202404,-0.0465,-0.0259,-0.0045,0.0113999999999999,-0.0031,0.0046999999999999,-0.172413,0.308072,-0.272085,0.442129,-0.141586,37,14.797929410642745,0.04466465048106991,4.0
85272,00760J10,AEHR,15658,2024-04-30,11.98,346401.7,-0.033871,28915,11.98,202404,-0.0465,-0.0259,-0.0045,0.0113999999999999,-0.0031,0.0046999999999999,-0.0385709999999999,-0.043632,-0.242161,0.091423,-0.30211295,92,12.755354363279622,0.0446413588686203,5.0
14790,00773U20,ADVM,54946,2024-05-31,7.92,164395.44,-0.185185,20757,7.92,202405,0.0432,0.0059,-0.0131,0.0317,-0.0285,0.0044,-0.1895849999999999,-0.137938,-0.30211295,-0.290159,-0.231489,53,12.010030023993256,0.03195172678241457,6.0
17984,29260V10,DAVA,56469,2024-05-31,26.94,170799.6,-0.071034,6340,26.94,202405,0.0432,0.0059,-0.0131,0.0317,-0.0285,0.0044,-0.075434,0.081275,-0.242345,0.0191059999999999,-0.30211295,67,12.048246218413489,0.033943501339650926,4.0
19149,03615A10,ANVS,56983,2024-05-31,6.55,73170.05,0.175943,11171,6.55,202405,0.0432,0.0059,-0.0131,0.0317,-0.0285,0.0044,0.171543,-0.1247109999999999,-0.30211295,0.400659,-0.237684,41,11.20054146321801,0.03903378206681686,1.0
25487,05377410,CAR,6391,2024-05-31,113.73,4054133.31,0.191514,35647,113.73,202405,0.0432,0.0059,-0.0131,0.0317,-0.0285,0.0044,0.187114,-0.0850809999999999,-0.225262,0.129169,-0.30211295,340,15.215247489025211,0.03324288540080132,5.0
80054,58470H10,MED,12740,2024-05-31,25.74,281518.38,-0.06502,10937,25.74,202405,0.0432,0.0059,-0.0131,0.0317,-0.0285,0.0044,-0.06942,-0.156392,-0.286276,-0.048451,-0.270623,228,12.547953017503206,0.03480651525075597,2.0
91082,M7867311,PERI,50201,2024-05-31,12.5,605275.0,-0.007149,48422,12.5,202405,0.0432,0.0059,-0.0131,0.0317,-0.0285,0.0044,-0.011549,-0.30211295,-0.30211295,-0.024779,-0.224913,131,13.313438179193032,0.03397544967466222,3.0
16968,60937P10,MDB,56086,2024-06-28,249.96,18334815.96,0.058883,73351,249.96,202406,0.0279999999999999,-0.0432,-0.0336,0.0056,-0.018,0.0040999999999999,0.054783,0.0051019999999999,-0.30211295,0.013536,-0.203013,77,16.724312321804245,0.03089986709255909,4.0
19564,50202M10,LI,57178,2024-06-28,17.88,3675555.84,-0.117037,205568,17.88,202406,0.0279999999999999,-0.0432,-0.0336,0.0056,-0.018,0.0040999999999999,-0.121137,0.0995269999999999,-0.2338519999999999,-0.1368,-0.30211295,44,15.117214928171691,0.030027001825272147,6.0
20553,87975H10,TIXT,57875,2024-06-28,5.78,641580.0,0.008726,111000,5.78,202406,0.0279999999999999,-0.0432,-0.0336,0.0056,-0.018,0.0040999999999999,0.004626,0.16505,-0.30211295,-0.01061,-0.182143,37,13.371689162978758,0.030408351230884964,5.0
76711,75893220,RGS,37472,2024-06-28,23.0,52440.0,4.373832,2280,23.0,202406,0.0279999999999999,-0.0432,-0.0336,0.0056,-0.018,0.0040999999999999,0.442129,0.168109,-0.30211295,-0.110379,-0.275269,323,10.867424937877637,0.03450530960094338,1.0
90542,30233G20,EYPT,46110,2024-06-28,8.7,453792.0,-0.187675,52160,8.7,202406,0.0279999999999999,-0.0432,-0.0336,0.0056,-0.018,0.0040999999999999,-0.191775,0.131132,-0.30211295,-0.153224,-0.244653,38,13.025394222261072,0.03228732992275242,2.0
91774,74350P58,SSG,50846,2024-06-28,7.44,6777.84,-0.193795,911,7.44,202406,0.0279999999999999,-0.0432,-0.0336,0.0056,-0.018,0.0040999999999999,-0.197895,0.011629,-0.284881,0.063687,-0.200371,202,8.821413746104959,0.03160111685409132,3.0
12325,23703Q20,DQ,53518,2024-07-31,17.53,1297938.73,0.200685,74041,17.53,202407,0.0121999999999999,0.0834,0.0562,0.0026,0.0028,0.0045,0.196185,-0.164526,-0.30211295,0.168517,-0.30211295,147,14.076287971742229,0.023825268797047952,6.0
16818,17166A10,CBUS,56002,2024-07-31,9.89,227618.35,0.004061,23015,9.89,202407,0.0121999999999999,0.0834,0.0562,0.0026,0.0028,0.0045,-0.000439,-0.30211295,-0.30211295,-0.156306,-0.245573,46,12.335425601885962,0.02435413774995862,4.0
17222,45623710,ILPT,56211,2024-07-31,5.14,339152.62,0.399584,65983,5.14,202407,0.0121999999999999,0.0834,0.0562,0.0026,0.0028,0.0045,0.395084,0.17684,-0.267588,-0.25514,-0.287711,54,12.734205491539727,0.024838196720464813,3.0
17271,83422E20,SLDB,56238,2024-07-31,8.92,343874.92,0.573192,38551,8.92,202407,0.0121999999999999,0.0834,0.0562,0.0026,0.0028,0.0045,0.442129,-0.0036789999999999,-0.30211295,-0.073171,-0.30211295,38,12.748033265584173,0.02610813843149523,1.0
19004,12674W10,CABA,56908,2024-07-31,7.1,342866.1,-0.050802,48291,7.1,202407,0.0121999999999999,0.0834,0.0562,0.0026,0.0028,0.0045,-0.055302,-0.211842,-0.270047,-0.047143,-0.30211295,42,12.74509527092161,0.023897592339722034,5.0
91082,M7867311,PERI,50201,2024-07-31,8.77,424660.94,0.050299,48422,8.77,202407,0.0121999999999999,0.0834,0.0562,0.0026,0.0028,0.0045,0.045799,-0.029886,-0.30211295,-0.011549,-0.30211295,133,12.95904634126887,0.025551631745811584,2.0
13527,33829M10,FIVE,54146,2024-08-30,75.43,4149027.15,0.036981,55005,75.43,202408,0.0161,-0.0355,-0.011,0.0076,0.0081999999999999,0.0048,0.032181,0.167285,-0.30211295,-0.2152049999999999,-0.060502,142,15.238384443039076,0.024939400163109634,5.0
88511,23126930,CRIS,38412,2024-08-30,5.525,33033.98,0.008212,5979,5.525,202408,0.0161,-0.0355,-0.011,0.0076,0.0081999999999999,0.0048,0.003412,-0.028434,-0.210297,-0.30211295,-0.30211295,37,10.40529200764403,0.031546313575397396,1.0
90664,25213110,DXCM,46559,2024-08-30,69.34,27786410.18,0.022412,400727,69.34,202408,0.0161,-0.0355,-0.011,0.0076,0.0081999999999999,0.0048,0.017612,-0.0371699999999999,-0.30211295,-0.049482,-0.072066,221,17.1400576166924,0.024098970533568347,6.0
92814,25460E23,TZA,53101,2024-08-30,13.98,335142.54,0.029455,23973,13.98,202408,0.0161,-0.0355,-0.011,0.0076,0.0081999999999999,0.0048,0.024655,-0.027839,-0.272819,0.038957,-0.137701,185,12.722311212848236,0.02559998758326082,4.0
93257,74350P64,SRTY,50846,2024-08-30,20.91,82761.78,0.027518,3958,20.91,202408,0.0161,-0.0355,-0.011,0.0076,0.0081999999999999,0.0048,0.022718,-0.027515,-0.272222,0.034367,-0.1355839999999999,169,11.323721639603054,0.025779165023751213,3.0
93289,57776J10,MXL,53359,2024-08-30,15.18,1273571.64,0.07355,83898,15.18,202408,0.0161,-0.0355,-0.011,0.0076,0.0081999999999999,0.0048,0.06875,-0.050113,-0.30211295,0.129271,-0.149662,164,14.05733582623639,0.027125713968265235,2.0
14991,04651320,ATRA,55066,2024-09-30,8.13,46666.2,0.069737,5740,8.13,202409,0.0173,-0.0092,-0.0276,0.002,-0.0029,0.004,0.0657369999999999,0.092041,-0.231657,0.151971,-0.30211295,94,10.750775412873333,0.03220660473359953,3.0
16745,25460E28,MEXX,53101,2024-09-30,13.54,23911.64,0.013266,1766,13.54,202409,0.0173,-0.0092,-0.0276,0.002,-0.0029,0.004,0.009266,-0.116899,-0.20205,-0.039679,-0.30211295,85,10.082120648648036,0.031957020330516915,4.0
19851,04271T10,ARRY,57368,2024-09-30,6.6,1002764.4,-0.016393,151934,6.6,202409,0.0173,-0.0092,-0.0276,0.002,-0.0029,0.004,-0.020393,-0.014506,-0.30211295,0.020841,-0.280546,44,13.818271144037787,0.03615435861143997,2.0
85293,68760410,ORKA,15638,2024-09-30,24.51,857825.49,-0.148959,34999,24.51,202409,0.0173,-0.0092,-0.0276,0.002,-0.0029,0.004,-0.152959,0.138491,-0.217243,0.057302,-0.30211295,98,13.66215596617483,0.03181407753014951,5.0
85390,16890510,PLCE,15697,2024-09-30,15.48,196874.64,1.715789,12718,15.48,202409,0.0173,-0.0092,-0.0276,0.002,-0.0029,0.004,0.442129,-0.105321,-0.2759,-0.043812,-0.30211295,321,12.190322459988934,0.0361608451548701,1.0
93263,15118V20,CELH,53346,2024-09-30,31.36,7369035.52,-0.175388,234982,31.36,202409,0.0173,-0.0092,-0.0276,0.002,-0.0029,0.004,-0.179388,-0.044716,-0.192714,-0.184216,-0.2902969999999999,58,15.812797389930218,0.03148613341249917,6.0
12799,N9728410,NBIS,53780,2024-10-31,21.38,4308283.8,0.069,201510,21.38,202410,-0.01,-0.0089,0.0086,-0.0148,0.0098,0.0039,0.0651,0.024531,-0.30211295,-0.20562,-0.1591209999999999,127,15.276050192525918,0.03222359978278928,1.0
13108,39947320,GRPN,53932,2024-10-31,10.26,407968.38,0.04908,39763,10.26,202410,-0.01,-0.0089,0.0086,-0.0148,0.0098,0.0039,0.04518,-0.08977,-0.298881,0.036491,-0.133912,91,12.918944950383018,0.02883932810207062,6.0
16318,26856L10,ELF,55704,2024-10-31,105.25,5934837.0,-0.034669,56388,105.25,202410,-0.01,-0.0089,0.0086,-0.0148,0.0098,0.0039,-0.038569,0.226594,-0.276114,-0.136855,-0.185498,94,15.596350121453307,0.030958728103793763,4.0
19534,61511110,MEG,57152,2024-10-31,26.37,902645.1,0.002662,34230,26.37,202410,-0.01,-0.0089,0.0086,-0.0148,0.0098,0.0039,-0.001238,-0.29031,-0.204608,0.026871,-0.288836,48,13.713084731889426,0.029869129950204472,5.0
20292,35104E10,FDMT,57626,2024-10-31,8.01,416495.97,-0.259019,51997,8.01,202410,-0.01,-0.0089,0.0086,-0.0148,0.0098,0.0039,-0.262919,-0.025223,-0.283813,-0.158212,-0.159812,43,12.939632064671876,0.031267417754742295,3.0
87759,88080T10,WULF,18404,2024-10-31,6.52,2494760.64,0.393162,382632,6.52,202410,-0.01,-0.0089,0.0086,-0.0148,0.0098,0.0039,0.389262,0.206123,-0.280822,0.0,-0.22392,221,14.729703346693872,0.03160589032673404,2.0
16737,78413P10,SMHI,55955,2024-11-29,6.87,189921.15,0.010294,27645,6.87,202411,0.0649,0.0458999999999999,0.0015,-0.0231,-0.0204999999999999,0.004,0.0062939999999999,-0.048824,-0.299237,-0.161205,-0.178682,64,12.154364265006292,0.022126790501268506,4.0
17895,68401U20,OPRX,56419,2024-11-29,5.45,100394.45,0.044061,18421,5.45,202411,0.0649,0.0458999999999999,0.0015,-0.0231,-0.0204999999999999,0.004,0.040061,0.1382749999999999,-0.30211295,-0.074999,-0.243113,74,11.516862205827367,0.023616886364712555,2.0
18915,15672710,CRNC,56879,2024-11-29,7.365,315428.22,1.418719,42828,7.365,202411,0.0649,0.0458999999999999,0.0015,-0.0231,-0.0204999999999999,0.004,0.442129,0.0621519999999999,-0.30211295,0.052747,-0.259944,52,12.661686423192752,0.022571814266115917,3.0
21409,47103N10,JBI,58342,2024-11-29,7.48,1055241.0,0.016304,141075,7.48,202411,0.0649,0.0458999999999999,0.0015,-0.0231,-0.0204999999999999,0.004,0.0123039999999999,-0.02108,-0.275908,-0.084073,-0.242664,38,13.869279734823726,0.021969445767925713,6.0
85440,86183P10,SRI,32122,2024-11-29,6.86,189939.68,-0.018598,27688,6.86,202411,0.0649,0.0458999999999999,0.0015,-0.0231,-0.0204999999999999,0.004,-0.022598,-0.089706,-0.30211295,-0.223665,-0.151736,310,12.154461827052971,0.022092307572573824,5.0
91907,86800U30,SMCI,51998,2024-11-29,32.64,19290142.08,0.121264,590997,32.64,202411,0.0649,0.0458999999999999,0.0015,-0.0231,-0.0204999999999999,0.004,0.117264,-0.069876,-0.30211295,-0.052663,-0.30211295,191,16.775104750329128,0.025094205115586805,1.0
13939,73933G20,PSIX,54418,2024-12-31,29.75,684488.0,0.008817,23008,29.75,202412,-0.0315,-0.0383,-0.03,0.0189,-0.0121,0.0037,0.005117,0.418485,-0.30211295,0.442129,-0.284184,45,13.436426392512413,0.04456530953802073,5.0
15452,30050B10,EVH,55326,2024-12-31,11.25,1311345.0,-0.129257,116564,11.25,202412,-0.0315,-0.0383,-0.03,0.0189,-0.0121,0.0037,-0.132957,-0.0748109999999999,-0.30211295,-0.178228,-0.119697,111,14.086563886020608,0.04572459777606572,3.0
19534,61511110,MEG,57152,2024-12-31,18.55,636283.55,-0.014346,34301,18.55,202412,-0.0315,-0.0383,-0.03,0.0189,-0.0121,0.0037,-0.018046,0.118672,-0.29031,-0.001238,-0.204608,50,13.36339957630144,0.046287339266009364,2.0
89215,00174410,AMN,42400,2024-12-31,23.92,910730.08,-0.08106,38074,23.92,202412,-0.0315,-0.0383,-0.03,0.0189,-0.0121,0.0037,-0.0847599999999999,0.146802,-0.30211295,-0.108878,-0.204641,269,13.722001842548163,0.048207696566657354,1.0
90751,25056510,DBI,46874,2024-12-31,5.34,214641.3,0.085862,40195,5.34,202412,-0.0315,-0.0383,-0.03,0.0189,-0.0121,0.0037,0.082162,-0.061752,-0.292762,0.107446,-0.191075,228,12.276723541734164,0.04504631999342479,4.0
91836,05366Y20,AVNW,51949,2024-12-31,18.11,229707.24,0.14403,12684,18.11,202412,-0.0315,-0.0383,-0.03,0.0189,-0.0121,0.0037,0.1403299999999999,0.048205,-0.229917,-0.058454,-0.216022,139,12.34456090755356,0.04400108035790477,6.0
15615,25490K59,NAIL,53101,2025-01-31,91.89,358371.0,0.089648,3900,91.89,202501,0.0279999999999999,-0.0123,0.0163,-0.0235,-0.0324,0.0037,0.085948,-0.234772,-0.30211295,0.146291,-0.240973,110,12.78932404163053,0.038314304235811336,6.0
16064,45826J10,NTLA,55568,2025-01-31,10.32,1052949.6,-0.114923,102030,10.32,202501,0.0279999999999999,-0.0123,0.0163,-0.0235,-0.0324,0.0037,-0.1186229999999999,-0.025587,-0.257221,0.094453,-0.30211295,101,13.867105926722768,0.038439318317980885,5.0
16562,03272410,ANAB,55847,2025-01-31,17.93,546380.89,0.35423,30473,17.93,202501,0.0279999999999999,-0.0123,0.0163,-0.0235,-0.0324,0.0037,0.35053,-0.065207,-0.30211295,0.149953,-0.30211295,93,13.211071612249354,0.04087957939897684,1.0
18453,55042430,LAZR,56646,2025-01-31,5.75,210444.25,0.068773,36599,5.75,202501,0.0279999999999999,-0.0123,0.0163,-0.0235,-0.0324,0.0037,0.065073,-0.098952,-0.30211295,-0.240523,-0.226122,52,12.25697605142108,0.03985658322064053,3.0
18676,89377M10,TMDX,56757,2025-01-31,67.55,2273868.1,0.0834,33662,67.55,202501,0.0279999999999999,-0.0123,0.0163,-0.0235,-0.0324,0.0037,0.0797,0.12653,-0.284636,0.053826,-0.30211295,65,14.63699294809232,0.0401723874659384,2.0
20292,35104E10,FDMT,57626,2025-01-31,5.6,256446.4,0.005386,45794,5.6,202501,0.0279999999999999,-0.0123,0.0163,-0.0235,-0.0324,0.0037,0.001686,0.365089,-0.293241,-0.025223,-0.262919,46,12.454674954894744,0.039721902888335034,4.0
14535,64135M10,NGNE,54781,2025-02-28,17.69,262784.95,0.116088,14855,17.69,202502,-0.0243,-0.0491,0.0491,0.0108,0.0306,0.0033,0.112788,-0.30211295,-0.30211295,-0.104762,-0.30211295,86,12.479091296068402,0.03884671121968817,1.0
15303,92686J10,VKTX,55236,2025-02-28,28.87,3240599.76,-0.118473,112248,28.87,202502,-0.0243,-0.0491,0.0491,0.0108,0.0306,0.0033,-0.1217729999999999,-0.1668919999999999,-0.189833,-0.243594,-0.274196,74,14.991268981748677,0.03258430798518615,5.0
18133,98424110,YMAB,56532,2025-02-28,5.56,251412.08,-0.068677,45218,5.56,202502,-0.0243,-0.0491,0.0491,0.0108,0.0306,0.0033,-0.071977,0.442129,-0.241248,-0.30211295,-0.182498,69,12.434848624898752,0.03279222792630963,4.0
19017,71722W10,PHAT,56917,2025-02-28,5.52,378219.36,-0.078464,68518,5.52,202502,-0.0243,-0.0491,0.0491,0.0108,0.0306,0.0033,-0.081764,0.1324699999999999,-0.266015,-0.088255,-0.30211295,61,12.84322962374298,0.03653526483655459,2.0
19040,25461A48,WEBS,53101,2025-02-28,33.78,13410.66,0.210319,397,33.78,202502,-0.0243,-0.0491,0.0491,0.0108,0.0306,0.0033,0.207019,0.307625,-0.209109,-0.030132,-0.262621,59,9.503805192066844,0.03159411984295803,6.0
85293,68760410,ORKA,15638,2025-02-28,10.15,380026.15,-0.245353,37441,10.15,202502,-0.0243,-0.0491,0.0491,0.0108,0.0306,0.0033,-0.2486529999999999,0.0074369999999999,-0.30211295,-0.111385,-0.227929,103,12.847995345124344,0.03565661045857553,3.0
13031,74347Y81,KOLD,53104,2025-03-31,19.57,546668.38,-0.178421,27934,19.57,202503,-0.0639,-0.0149,0.0289999999999999,0.0210999999999999,-0.0046999999999999,0.0034,-0.181821,0.320976,-0.30211295,-0.062661,-0.275591,158,13.211597645273702,0.0451409702107205,1.0
15287,21833P30,CRBP,55227,2025-03-31,5.31,64957.23,-0.296689,12233,5.31,202503,-0.0639,-0.0149,0.0289999999999999,0.0210999999999999,-0.0046999999999999,0.0034,-0.300089,0.4032799999999999,-0.232105,-0.174039,-0.30211295,66,11.081484332300764,0.044115376513106715,3.0
16554,47580P10,JELD,55841,2025-03-31,5.97,509635.02,0.085455,85366,5.97,202503,-0.0639,-0.0149,0.0289999999999999,0.0210999999999999,-0.0046999999999999,0.0034,0.082055,-0.078877,-0.30211295,0.085433,-0.2516339999999999,95,13.14145010144409,0.04251095681041943,6.0
17133,03763A20,ASTH,56168,2025-03-31,31.01,1520389.29,0.221828,49029,31.01,202503,-0.0639,-0.0149,0.0289999999999999,0.0210999999999999,-0.0046999999999999,0.0034,0.218428,0.00166,-0.30211295,0.165663,-0.2746829999999999,84,14.234476971873525,0.04261335004522676,5.0
18098,05073420,AEYE,56512,2025-03-31,11.1,138139.5,-0.14681,12445,11.1,202503,-0.0639,-0.0149,0.0289999999999999,0.0210999999999999,-0.0046999999999999,0.0034,-0.15021,-0.026023,-0.30211295,0.241533,-0.30211295,59,11.83601932311998,0.044200049000042894,2.0
19008,50094610,KRRO,56910,2025-03-31,17.41,163462.49,-0.305544,9389,17.41,202503,-0.0639,-0.0149,0.0289999999999999,0.0210999999999999,-0.0046999999999999,0.0034,-0.30211295,0.016029,-0.26854,-0.107456,-0.272428,41,12.004338824038646,0.043787274097628524,4.0
13883,87978U20,TPST,54381,2025-04-30,7.11,25987.05,-0.258912,3655,7.11,202504,-0.0084,-0.0186,-0.034,-0.0285,-0.0266999999999999,0.0034999999999999,-0.262412,-0.16695,-0.30211295,-0.15529,-0.190048,62,10.16535361599903,0.05622813263885554,6.0
14145,03823U10,AAOI,54548,2025-04-30,12.79,707568.38,-0.166775,55322,12.79,202504,-0.0084,-0.0186,-0.034,-0.0285,-0.0266999999999999,0.0034999999999999,-0.170275,0.201829,-0.301204,-0.220349,-0.246239,119,13.46958955400588,0.059891783342083546,2.0
14359,98401F10,XNCR,54685,2025-04-30,11.02,783929.74,0.035714,71137,11.02,202504,-0.0084,-0.0186,-0.034,-0.0285,-0.0266999999999999,0.0034999999999999,0.032214,-0.277847,-0.30211295,-0.163037,-0.208226,133,13.572074677969733,0.05655414887672231,5.0
15287,21833P30,CRBP,55227,2025-04-30,7.47,91380.51,0.40678,12233,7.47,202504,-0.0084,-0.0186,-0.034,-0.0285,-0.0266999999999999,0.0034999999999999,0.4032799999999999,-0.010493,-0.300089,-0.232105,-0.174039,67,11.422787496191642,0.05704745057229367,4.0
19549,67054R20,NUKK,57114,2025-04-30,16.35,82175.1,0.375105,5026,16.35,202504,-0.0084,-0.0186,-0.034,-0.0285,-0.0266999999999999,0.0034999999999999,0.371605,-0.1744419999999999,-0.246075,-0.30211295,-0.30211295,42,11.3166076154468,0.061368590408347246,1.0
85272,00760J10,AEHR,15658,2025-04-30,8.53,253946.63,0.170096,29771,8.53,202504,-0.0084,-0.0186,-0.034,-0.0285,-0.0266999999999999,0.0034999999999999,0.166596,0.114606,-0.247176,-0.152462,-0.30211295,104,12.444879405812534,0.05723361040770851,3.0
13124,51680620,VTLE,53941,2025-05-30,14.88,576867.84,0.049365,38768,14.88,202505,0.0605999999999999,-0.0072,-0.0288,0.0129,0.0250999999999999,0.0038,0.045565,0.077917,-0.30211295,-0.208941,-0.165996,139,13.265368472461253,0.06143426231010122,3.0
13704,64049M20,NEO,54278,2025-05-30,7.28,936899.6,0.138389,128695,7.28,202505,0.0605999999999999,-0.0072,-0.0288,0.0129,0.0250999999999999,0.0038,0.134589,0.0007209999999999,-0.30211295,-0.05345,-0.30211295,121,13.75033140499928,0.06327449150993827,1.0
13883,87978U20,TPST,54381,2025-05-30,5.95,21907.9,-0.16315,3682,5.95,202505,0.0605999999999999,-0.0072,-0.0288,0.0129,0.0250999999999999,0.0038,-0.16695,0.139457,-0.262412,-0.30211295,-0.15529,63,9.99460258135056,0.061168159808718765,4.0
29102,G6359F13,NBR,20201,2025-05-30,25.81,405217.0,-0.038376,15700,25.81,202505,0.0605999999999999,-0.0072,-0.0288,0.0129,0.0250999999999999,0.0038,-0.042176,0.082226,-0.30211295,0.03442,-0.300923,343,12.912178005066922,0.06046657283939488,6.0
77117,92956610,WNC,29327,2025-05-30,8.67,363012.9,0.254703,41870,8.67,202505,0.0605999999999999,-0.0072,-0.0288,0.0129,0.0250999999999999,0.0038,0.250903,0.222667,-0.30211295,-0.059762,-0.252659,343,12.80219364980564,0.06107820113871225,5.0
79841,34986A10,FWRD,12577,2025-05-30,16.78,510497.94,0.139946,30423,16.78,202505,0.0605999999999999,-0.0072,-0.0288,0.0129,0.0250999999999999,0.0038,0.136146,0.442129,-0.270797,-0.109319,-0.30211295,361,13.143141881319169,0.0626469983043542,2.0
14359,98401F10,XNCR,54685,2025-06-30,7.86,560394.42,-0.0175,71297,7.86,202506,0.0486,-0.0002,-0.0161,-0.032,0.0144,0.0034,-0.0209,0.055124,-0.277847,0.032214,-0.30211295,135,13.236396136221968,0.06468719452495302,5.0
19008,50094610,KRRO,56910,2025-06-30,12.49,117293.59,0.093695,9391,12.49,202506,0.0486,-0.0002,-0.0161,-0.032,0.0144,0.0034,0.090295,0.1943579999999999,-0.30211295,0.016029,-0.30211295,44,11.6724353869421,0.06742821398157711,2.0
22088,34379V10,FLNC,58782,2025-06-30,6.71,878070.6,0.42766,130860,6.71,202506,0.0486,-0.0002,-0.0161,-0.032,0.0144,0.0034,0.4242599999999999,0.2067339999999999,-0.30211295,-0.18443,-0.159468,38,13.68548227940732,0.06593359679871735,4.0
27422,18589910,CLF,20462,2025-06-30,7.6,3759385.6,0.303602,494656,7.6,202506,0.0486,-0.0002,-0.0161,-0.032,0.0144,0.0034,0.3002019999999999,0.380811,-0.296276,-0.0010669999999999,-0.245097,348,15.139766097758828,0.06448271711127496,6.0
77453,46636710,JACK,25865,2025-06-30,17.46,329627.34,-0.079357,18879,17.46,202506,0.0486,-0.0002,-0.0161,-0.032,0.0144,0.0034,-0.082757,0.1248929999999999,-0.275497,-0.045795,-0.285939,358,12.7057180226065,0.06596115464941092,3.0
85002,80360710,SRPT,15507,2025-06-30,17.1,1670772.6,-0.545213,97706,17.1,202506,0.0486,-0.0002,-0.0161,-0.032,0.0144,0.0034,-0.30211295,-0.043166,-0.30211295,-0.02575,-0.30211295,206,14.328796712141024,0.06890484119467734,1.0
10645,51179510,LAKE,8549,2025-07-31,13.91,132854.41,0.022043,9551,13.91,202507,0.0197999999999999,-0.0015,-0.0127,-0.0031,-0.0207,0.0034,0.018643,0.090409,-0.289339,0.165338,-0.199463,310,11.797009145970089,0.04221829136908496,6.0
13279,67113Y70,NUWE,54003,2025-07-31,9.6,5059.2,0.037074,527,9.6,202507,0.0197999999999999,-0.0015,-0.0127,-0.0031,-0.0207,0.0034,0.033674,-0.30211295,-0.30211295,-0.13149,-0.173276,42,8.528963647015154,0.04512880163949,5.0
19038,25460E22,HIBS,53101,2025-07-31,8.07,24008.25,-0.142402,2975,8.07,202507,0.0197999999999999,-0.0015,-0.0127,-0.0031,-0.0207,0.0034,-0.145802,-0.069475,-0.278031,-0.29463,-0.274753,58,10.086152800261589,0.05080718008745172,2.0
91774,74350P58,SSG,50846,2025-07-31,11.14,12744.16,-0.14636,1144,11.14,202507,0.0197999999999999,-0.0015,-0.0127,-0.0031,-0.0207,0.0034,-0.14976,-0.002005,-0.274983,-0.30211295,-0.21713,215,9.45282840643888,0.04701994463109811,3.0
92856,25461A49,TECS,53101,2025-07-31,24.18,83155.02,-0.096413,3439,24.18,202507,0.0197999999999999,-0.0015,-0.0127,-0.0031,-0.0207,0.0034,-0.099813,-0.001732,-0.245192,-0.2636,-0.245119,193,11.328461855618912,0.0454235002225063,4.0
93283,25460G11,SOXS,53101,2025-07-31,7.72,1400307.64,-0.021546,181387,7.72,202507,0.0197999999999999,-0.0015,-0.0127,-0.0031,-0.0207,0.0034,-0.024946,-0.07893,-0.30211295,-0.30211295,-0.30211295,173,14.152202513302704,0.05442082433535397,1.0
13030,74347Y68,UVXY,53104,2025-08-29,12.06,689759.64,-0.218912,57194,12.06,202508,0.0185,0.0487999999999999,0.0441999999999999,-0.0068,0.0208,0.0038,-0.222712,-0.137628,-0.179933,-0.173387,-0.25727,157,13.444098468060158,0.032544107349029405,6.0
19038,25460E22,HIBS,53101,2025-08-29,7.54,22431.5,-0.065675,2975,7.54,202508,0.0185,0.0487999999999999,0.0441999999999999,-0.0068,0.0208,0.0038,-0.069475,-0.1333649999999999,-0.145802,-0.278031,-0.29463,59,10.018221499999594,0.03312115053281679,5.0
21518,00806420,JBIO,58431,2025-08-29,7.9,257753.3,0.098748,32627,7.9,202508,0.0185,0.0487999999999999,0.0441999999999999,-0.0068,0.0208,0.0038,0.094948,0.089105,-0.28368,0.374531,-0.240642,36,12.45975820490103,0.0359157099452151,1.0
79150,03525510,ANIK,12119,2025-08-29,9.38,135240.84,0.136281,14418,9.38,202508,0.0185,0.0487999999999999,0.0441999999999999,-0.0068,0.0208,0.0038,0.132481,-0.0011679999999999,-0.223154,-0.054521,-0.236422,295,11.814812467982655,0.03386535247237092,3.0
91774,74350P58,SSG,50846,2025-08-29,11.16,12767.04,0.001795,1144,11.16,202508,0.0185,0.0487999999999999,0.0441999999999999,-0.0068,0.0208,0.0038,-0.002005,-0.164909,-0.14976,-0.274983,-0.30211295,216,9.454622128892908,0.03401149523682992,2.0
92655,91324P10,UNH,7267,2025-08-29,309.87,280641202.38,0.241665,905674,309.87,202508,0.0185,0.0487999999999999,0.0441999999999999,-0.0068,0.0208,0.0038,0.237865,0.118117,-0.203451,0.037344,-0.270011,364,19.45258755156024,0.033831129552914854,4.0
13030,74347Y68,UVXY,53104,2025-09-30,10.44,645651.36,-0.134328,61844,10.44,202509,0.0339,-0.0218,-0.0105,-0.0206,-0.0222,0.0033,-0.137628,0.012584,-0.222712,-0.179933,-0.173387,158,13.378014946676975,0.048905375627094426,3.0
19549,67054R20,NUKK,57114,2025-09-30,7.0,77672.0,0.437372,11096,7.0,202509,0.0339,-0.0218,-0.0105,-0.0206,-0.0222,0.0033,0.4340719999999999,-0.000843,-0.30211295,-0.197353,-0.1744419999999999,46,11.26025011104998,0.05510996550697758,1.0
21614,26603R10,DUOL,58515,2025-09-30,321.84,12871025.28,0.080508,39992,321.84,202509,0.0339,-0.0218,-0.0105,-0.0206,-0.0222,0.0033,0.077208,-0.162785,-0.144299,-0.1581969999999999,-0.214308,47,16.37048924073494,0.045015098697096925,5.0
22085,73642K10,PTLO,58779,2025-09-30,6.45,463909.8,-0.088983,71924,6.45,202509,0.0339,-0.0218,-0.0105,-0.0206,-0.0222,0.0033,-0.092283,-0.174243,-0.292957,-0.14993,-0.0309,44,13.04744541575921,0.044922577766841526,6.0
22280,07279B10,BAFN,58921,2025-09-30,10.46,43063.82,0.159645,4117,10.46,202509,0.0339,-0.0218,-0.0105,-0.0206,-0.0222,0.0033,0.156345,-0.15284,-0.293004,-0.096971,-0.144504,42,10.670438480406682,0.049387919267823634,2.0
79698,36665110,IT,12457,2025-09-30,262.87,19908722.32,0.046499,75736,262.87,202509,0.0339,-0.0218,-0.0105,-0.0206,-0.0222,0.0033,0.043199,-0.058974,-0.262061,-0.1656139999999999,-0.077182,365,16.80666850120372,0.046012696977001506,4.0
11174,03062T10,CRMT,9023,2025-10-31,22.24,184480.8,-0.238617,8295,22.24,202510,0.0196,-0.013,-0.031,-0.0521,-0.0403,0.0037,-0.242317,-0.029529,-0.30211295,-0.008907,-0.1996879999999999,303,12.125300672006926,0.05813013590117974,5.0
12442,25461A47,DUST,53101,2025-10-31,11.51,116147.41,0.053065,10091,11.51,202510,0.0196,-0.013,-0.031,-0.0521,-0.0403,0.0037,0.049365,-0.282757,-0.30211295,-0.30211295,0.0002479999999999,171,11.66261543919832,0.062142834287542664,1.0
15347,25461H85,LABD,53101,2025-10-31,28.08,73176.48,-0.305638,2606,28.08,202510,0.0196,-0.013,-0.031,-0.0521,-0.0403,0.0037,-0.30211295,-0.245521,-0.295932,-0.140437,-0.113026,115,11.2006293368424,0.059732863559102525,3.0
23250,46092D38,TSLQ,59239,2025-10-31,21.51,329016.96,-0.109317,15296,21.51,202510,0.0196,-0.013,-0.031,-0.0521,-0.0403,0.0037,-0.1130169999999999,0.0616209999999999,-0.30211295,-0.172308,-0.012162,36,12.70386457857082,0.05736160810791144,6.0
79895,05893410,BBAR,30025,2025-10-31,16.57,205733.12,0.998159,12416,16.57,202510,0.0196,-0.013,-0.031,-0.0521,-0.0403,0.0037,0.442129,-0.031504,-0.30211295,-0.231417,-0.039819,277,12.234335073861471,0.06080667853671641,2.0
88442,39990910,GGAL,37935,2025-10-31,59.13,3412274.04,1.145501,57708,59.13,202510,0.0196,-0.013,-0.031,-0.0521,-0.0403,0.0037,0.442129,-0.09502,-0.298155,-0.225516,-0.001812,256,15.0428895008984,0.05850985924660336,4.0
12442,25461A47,DUST,53101,2025-11-28,8.29,108938.89,-0.279757,13141,8.29,202511,-0.0013,0.0147,0.0375999999999999,0.0141999999999999,0.0068,0.003,-0.282757,-0.097275,0.049365,-0.30211295,-0.30211295,172,11.59854236179084,0.013023844188092444,5.0
15014,23833710,PLAY,55082,2025-11-28,17.49,606203.4,0.190606,34660,17.49,202511,-0.0013,0.0147,0.0375999999999999,0.0141999999999999,0.0068,0.003,0.187606,-0.076585,-0.194779,-0.295859,-0.125893,130,13.314970852300108,0.014078869025262356,3.0
15347,25461H85,LABD,53101,2025-11-28,21.27,84144.12,-0.242521,3956,21.27,202511,-0.0013,0.0147,0.0375999999999999,0.0141999999999999,0.0068,0.003,-0.245521,-0.001731,-0.30211295,-0.295932,-0.140437,116,11.340286321954748,0.019175358762181165,1.0
20318,82835W10,SPRY,57655,2025-11-28,9.54,943019.46,0.064732,98849,9.54,202511,-0.0013,0.0147,0.0375999999999999,0.0141999999999999,0.0068,0.003,0.0617319999999999,0.217774,-0.112158,-0.138412,-0.30211295,47,13.756842197669902,0.012747905803115769,6.0
22268,87043Q10,SG,58915,2025-11-28,6.49,691055.2,0.031797,106480,6.49,202511,-0.0013,0.0147,0.0375999999999999,0.0141999999999999,0.0068,0.003,0.028797,0.038202,-0.215479,-0.126377,-0.297278,45,13.445974983784993,0.016166759716432038,2.0
23250,46092D38,TSLQ,59239,2025-11-28,22.9,316271.9,0.064621,13811,22.9,202511,-0.0013,0.0147,0.0375999999999999,0.0141999999999999,0.0068,0.003,0.0616209999999999,-0.111727,-0.1130169999999999,-0.30211295,-0.172308,37,12.664357565638122,0.013306995370472358,4.0
